ORÇAMENTO APROVADO;Jan;Fev;Mar;Abr;Mai;Jun;Jul;Ago;Set;Out;Nov;Dez;TOTAL
FATURAMENTO;31.000.000,00;31.235.000,00;31.470.000,00;31.705.000,00;31.940.000,00;32.175.000,00;32.410.000,00;32.645.000,00;32.880.000,00;33.115.000,00;33.350.000,00;33.414.854,00;387.339.854,00
COPARTICIPAÇÃO;3.152.700,00;3.176.600,00;3.200.499,00;3.224.399,00;3.248.298,00;3.272.198,00;3.296.097,00;3.319.997,00;3.343.896,00;3.367.796,00;3.391.695,00;3.396.859,00;39.391.034,00
DESPESAS ASSISTENCIAIS;-30.197.100,00;-30.426.014,00;-30.654.927,00;-30.883.841,00;-31.112.754,00;-31.341.668,00;-31.570.581,00;-31.799.495,00;-32.028.408,00;-32.257.322,00;-32.486.235,00;-32.535.482,00;-377.293.827,00
OUTRAS RECEITAS OPERACIONAIS;-294.811,00;-294.811,00;-294.811,00;-294.811,00;-294.811,00;-294.811,00;-294.811,00;-294.811,00;-294.811,00;-294.811,00;-294.811,00;-294.811,00;-3.537.732,00
COMERCIALIZAÇÃO;-281.607,00;-281.607,00;-281.607,00;-281.607,00;-281.607,00;-281.607,00;-281.607,00;-281.607,00;-281.607,00;-281.607,00;-281.607,00;-281.607,00;-3.379.284,00
IMPOSTOS DIRETOS;-505.391,00;-505.391,00;-505.391,00;-505.391,00;-505.391,00;-505.391,00;-505.391,00;-505.391,00;-505.391,00;-505.391,00;-505.391,00;-505.391,00;-6.064.692,00
PROVISÕES OPERACIONAIS;46.445,00;46.445,00;46.445,00;46.445,00;46.445,00;46.445,00;46.445,00;46.445,00;46.445,00;46.445,00;46.445,00;46.445,00;557.340,00
PESSOAL;-1.377.446,00;-1.377.446,00;-1.377.446,00;-1.377.446,00;-1.377.446,00;-1.377.446,00;-1.377.446,00;-1.377.446,00;-1.377.446,00;-1.377.446,00;-1.377.446,00;-1.377.446,00;-16.529.352,00
MARKETING;-175.610,00;-175.610,00;-175.610,00;-175.610,00;-175.610,00;-175.610,00;-175.610,00;-175.610,00;-175.610,00;-175.610,00;-175.610,00;-175.610,00;-2.107.320,00
INFORMÁTICA;-165.840,00;-165.840,00;-165.840,00;-165.840,00;-165.840,00;-165.840,00;-165.840,00;-165.840,00;-165.840,00;-165.840,00;-165.840,00;-165.840,00;-1.990.080,00
DEMAIS DESPESAS ADMINISTRATIVAS;-813.199,00;-813.199,00;-813.199,00;-813.199,00;-813.199,00;-813.199,00;-813.199,00;-813.199,00;-813.199,00;-813.199,00;-813.199,00;-813.199,00;-9.758.388,00
FINANCEIRO;1.802.053,00;1.802.053,00;1.802.053,00;1.802.053,00;1.802.053,00;1.802.053,00;1.802.053,00;1.802.053,00;1.802.053,00;1.802.053,00;1.802.053,00;1.802.053,00;21.624.636,00
RESULTADO;2.190.194,00;2.220.180,00;2.250.166,00;2.280.152,00;2.310.138,00;2.340.124,00;2.370.110,00;2.400.096,00;2.430.082,00;2.460.068,00;2.490.054,00;2.510.825,00;28.252.189,00
IMPOSTO;-744.667,00;-754.862,00;-765.057,00;-775.252,00;-785.448,00;-795.643,00;-805.838,00;-816.033,00;-826.228,00;-836.424,00;-846.619,00;-853.681,00;-9.605.752,00
LUCRO LIQUIDO;1.445.527,00;1.465.318,00;1.485.109,00;1.504.900,00;1.524.690,00;1.544.481,00;1.564.272,00;1.584.063,00;1.603.854,00;1.623.644,00;1.643.435,00;1.657.144,00;18.646.437,00
